/*
SQLyog Ultimate v12.09 (64 bit)
MySQL - 5.5.49 : Database - mydb
*********************************************************************
*/

/*!40101 SET NAMES utf8 */;

/*!40101 SET SQL_MODE=''*/;

/*!40014 SET @OLD_UNIQUE_CHECKS=@@UNIQUE_CHECKS, UNIQUE_CHECKS=0 */;
/*!40014 SET @OLD_FOREIGN_KEY_CHECKS=@@FOREIGN_KEY_CHECKS, FOREIGN_KEY_CHECKS=0 */;
/*!40101 SET @OLD_SQL_MODE=@@SQL_MODE, SQL_MODE='NO_AUTO_VALUE_ON_ZERO' */;
/*!40111 SET @OLD_SQL_NOTES=@@SQL_NOTES, SQL_NOTES=0 */;
CREATE DATABASE /*!32312 IF NOT EXISTS*/`mydb` /*!40100 DEFAULT CHARACTER SET utf8 */;

USE `mydb`;

/*Table structure for table `sp_manager` */

DROP TABLE IF EXISTS `sp_manager`;

CREATE TABLE `sp_manager` (
  `mg_id` int(11) NOT NULL AUTO_INCREMENT COMMENT '主键id',
  `mg_name` varchar(32) NOT NULL COMMENT '名称',
  `mg_pwd` char(64) NOT NULL COMMENT '密码',
  `mg_time` int(10) unsigned NOT NULL COMMENT '注册时间',
  `role_id` tinyint(11) NOT NULL DEFAULT '0' COMMENT '角色id',
  `mg_mobile` varchar(32) DEFAULT NULL,
  `mg_email` varchar(64) DEFAULT NULL,
  `mg_state` tinyint(2) DEFAULT '1' COMMENT '1：表示启用 0:表示禁用',
  PRIMARY KEY (`mg_id`)
) ENGINE=InnoDB AUTO_INCREMENT=523 DEFAULT CHARSET=utf8 COMMENT='管理员表';

/*Data for the table `sp_manager` */

insert  into `sp_manager`(`mg_id`,`mg_name`,`mg_pwd`,`mg_time`,`role_id`,`mg_mobile`,`mg_email`,`mg_state`) values (500,'admin','$2y$10$sZlpZNoLAnoD1DtYO9REAODCPkpMb5bwl4oMzrMvJa83k9BY3KRwq',1486720211,0,'17863950784','adsfad@qq.com',1),(521,'lgw','$2y$10$L.gRve0XYTGCntanRLVbkO9qmvJXIhaehBT0GDoHpPh3QrCwNRGEm',1592470599,30,'17863950784','123@qq.com',0);

/*Table structure for table `sp_permission` */

DROP TABLE IF EXISTS `sp_permission`;

CREATE TABLE `sp_permission` (
  `ps_id` smallint(6) NOT NULL AUTO_INCREMENT,
  `ps_name` varchar(20) NOT NULL COMMENT '权限名称',
  `ps_pid` smallint(6) NOT NULL COMMENT '父id',
  `ps_level` enum('0','2','1') NOT NULL DEFAULT '0' COMMENT '权限等级',
  PRIMARY KEY (`ps_id`)
) ENGINE=InnoDB AUTO_INCREMENT=167 DEFAULT CHARSET=utf8 COMMENT='权限表';

/*Data for the table `sp_permission` */

insert  into `sp_permission`(`ps_id`,`ps_name`,`ps_pid`,`ps_level`) values (99,'系统首页',0,'0'),(100,'首页总览',99,'1'),(102,'学生管理',0,'0'),(103,'权限管理',0,'0'),(107,'学生列表',102,'1'),(110,'用户列表',125,'1'),(111,'角色列表',103,'1'),(112,'权限列表',103,'1'),(113,'查看首页',100,'2'),(114,'查看单位性质',146,'2'),(115,'查看毕业分布',160,'2'),(116,'查看单位类型',161,'2'),(117,'查看行业性质',162,'2'),(123,'删除分类',121,'2'),(125,'用户管理',0,'0'),(129,'添加角色',111,'2'),(130,'删除角色',111,'2'),(131,'添加用户',110,'2'),(132,'删除用户',110,'2'),(133,'更新用户',110,'2'),(134,'角色授权',111,'2'),(135,'取消角色授权',111,'2'),(136,'获取用户详情',110,'2'),(137,'分配用户角色',110,'2'),(138,'获取角色列表',111,'2'),(139,'获取角色详情',111,'2'),(140,'更新角色信息',111,'2'),(141,'更新角色权限',111,'2'),(145,'数据统计',0,'0'),(146,'单位性质',145,'1'),(147,'查看权限',112,'2'),(159,'设置管理状态',110,'2'),(160,'毕业分布',145,'1'),(161,'单位类型',145,'1'),(162,'行业性质',145,'1'),(163,'添加学生',107,'2'),(164,'删除学生',107,'2'),(165,'更新学生',107,'2'),(166,'获取学生详情',107,'2');

/*Table structure for table `sp_permission_api` */

DROP TABLE IF EXISTS `sp_permission_api`;

CREATE TABLE `sp_permission_api` (
  `id` int(11) NOT NULL AUTO_INCREMENT,
  `ps_id` int(11) NOT NULL,
  `ps_api_service` varchar(255) DEFAULT NULL,
  `ps_api_action` varchar(255) DEFAULT NULL,
  `ps_api_path` varchar(255) DEFAULT NULL,
  `ps_api_order` int(4) DEFAULT NULL,
  PRIMARY KEY (`id`),
  KEY `ps_id` (`ps_id`)
) ENGINE=InnoDB AUTO_INCREMENT=83 DEFAULT CHARSET=utf8;

/*Data for the table `sp_permission_api` */

insert  into `sp_permission_api`(`id`,`ps_id`,`ps_api_service`,`ps_api_action`,`ps_api_path`,`ps_api_order`) values (2,102,'StudentsService','getAllStudents','students',3),(3,103,'RightService','getAllRights','rights',2),(6,107,'StudentsService','getAllStudents','students',NULL),(10,110,'ManagerService','getAllManagers','users',NULL),(11,111,'RoleService','getAllRoles','roles',NULL),(12,112,'RightService','getAllRights','rights',NULL),(25,125,'ManagerService','getAllManagers','users',1),(29,129,'RoleService','createRole','roles',NULL),(30,130,'RoleService','deleteRole','roles',NULL),(31,131,'ManagerService','createManager','users',NULL),(32,132,'ManagerService','deleteManager','users',NULL),(33,133,'ManagerService','updateManager','users',NULL),(34,134,'RoleService','updateRoleRight','roles',NULL),(35,135,'RoleService','deleteRoleRight','roles',NULL),(36,136,'ManagerService','getManager','users',NULL),(37,137,'ManagerService','setRole','users',NULL),(38,138,'RoleService','getAllRoles','roles',NULL),(39,139,'RoleService','getRoleById','roles',NULL),(40,140,'RoleService','updateRole','roles',NULL),(41,141,'RoleService','updateRoleRight','roles',NULL),(45,145,'ReportsService','reports','reports',4),(46,146,'ReportsService','reports','reports',NULL),(47,147,'RightService','getAllRights','rights',NULL),(59,159,'ManagerService','updateMgrState','users',NULL),(60,99,'ReportsService','reports','home',0),(61,100,'ReportsService','reports','home',NULL),(62,160,'ReportsService','reports','byfb',NULL),(63,161,'ReportsService','reports','byqx',NULL),(64,162,'ReportsService','reports','bytj',NULL),(65,163,'StudentsService','createStudent','students',NULL),(66,164,'StudentsService','deleteStudent','students',NULL),(67,165,'StudentsService','updateStudent','students',NULL),(68,166,'StudentsService','getStudent','students',NULL),(69,113,'ReportsService','reports','home',NULL),(70,114,'ReportsService','reports','reports',NULL),(80,115,'ReportsService','reports','byfb',NULL),(81,116,'ReportsService','reports','byqx',NULL),(82,117,'ReportsService','reports','bytj',NULL);

/*Table structure for table `sp_role` */

DROP TABLE IF EXISTS `sp_role`;

CREATE TABLE `sp_role` (
  `role_id` smallint(6) unsigned NOT NULL AUTO_INCREMENT,
  `role_name` varchar(20) NOT NULL COMMENT '角色名称',
  `ps_ids` varchar(512) NOT NULL DEFAULT '' COMMENT '权限ids,1,2,5',
  `ps_ca` text COMMENT '控制器-操作,控制器-操作,控制器-操作',
  `role_desc` text,
  PRIMARY KEY (`role_id`)
) ENGINE=InnoDB AUTO_INCREMENT=33 DEFAULT CHARSET=utf8;

/*Data for the table `sp_role` */

insert  into `sp_role`(`role_id`,`role_name`,`ps_ids`,`ps_ca`,`role_desc`) values (30,'超级管理员','99,100,113,103,111,129,130,134,135,138,139,140,141,112,147,125,110,131,132,133,136,137,159,146,114,160,115,145','Goods-index,Goods-tianjia,Category-index,Order-showlist,Brand-index','增删改'),(31,'普通用户','99,100,113,145,146,114,160,115,161,116,162,117','Goods-showlist,Goods-tianjia,Category-showlist,Order-showlist,Order-dayin,Order-tianjia','只可以浏览');

/*Table structure for table `sp_students` */

DROP TABLE IF EXISTS `sp_students`;

CREATE TABLE `sp_students` (
  `stu_id` int(11) NOT NULL AUTO_INCREMENT,
  `snd` varchar(255) DEFAULT NULL,
  `sxh` varchar(255) DEFAULT NULL,
  `sxb` varchar(255) DEFAULT NULL,
  `sbyqx` varchar(255) DEFAULT NULL,
  `ssjdw` varchar(255) DEFAULT NULL,
  `sdwszd` varchar(255) DEFAULT NULL,
  `sxf` varchar(255) DEFAULT NULL,
  `sdwxz` varchar(255) DEFAULT NULL,
  `sdwlx` varchar(255) DEFAULT NULL,
  `shyxz` varchar(255) DEFAULT NULL,
  PRIMARY KEY (`stu_id`)
) ENGINE=InnoDB AUTO_INCREMENT=335 DEFAULT CHARSET=utf8;

/*Data for the table `sp_students` */

insert  into `sp_students`(`stu_id`,`snd`,`sxh`,`sxb`,`sbyqx`,`ssjdw`,`sdwszd`,`sxf`,`sdwxz`,`sdwlx`,`shyxz`) values (5,'2016','CS5','女','签约就业','青岛一凌网集成有限公司                            ','广西河池市','山东','灵活就业','其他企事业','信息传输软件和信息技术服务业'),(6,'2016','CS6','女','灵活就业','北京中油瑞飞信息技术有限责任公司                  ','江西省上饶市上饶县                                ','江西','国有企业','五百强','制造业'),(8,'2016','CS8','女','升学','清华','北京市海淀区','北京','高校','211院校   ','制造业'),(9,'2016','CS9','男','升学','北大','陕西省西安市雁塔区','陕西','高校','211院校   ','制造业'),(10,'2016','CS10','男','签约就业','浪潮集团有限公司                                  ','山东省济南市高新区                                ','山东','国有企业','其他企事业','信息传输软件和信息技术服务业'),(11,'2016','CS11','男','灵活就业','软通动力技术服务有限公司成都分公司                ','新疆伊犁哈萨克自治州','四川','其他','其他企事业','信息传输软件和信息技术服务业'),(12,'2016','CS12','男','签约就业','山东中创软件工程股份有限公司                      ','山东省济南市历下区                                ','山东','其他','其他企事业','信息传输软件和信息技术服务业'),(13,'2016','CS13','男','签约就业','济南铁路局                                        ','山东省济南市天桥区                                ','山东','艰苦行业企业','其他企事业','交通运输、仓储和邮政业'),(14,'2016','CS14','男','签约就业','青岛大健康文化传播有限公司                        ','山东省青岛市市南区                                ','山东','其他','其他企事业','制造业'),(15,'2016','CS15','男','签约就业','济南大宇宙信息创造有限公司                        ','山东省济南市长清区                                ','山东','其他','其他企事业','信息传输软件和信息技术服务业'),(16,'2016','CS16','男','签约就业','人事代理','山东省青岛市市北区                                ','山东','其他','其他企事业','制造业'),(17,'2016','CS17','男','升学',NULL,'江苏省徐州市','江苏','高校','211院校   ','制造业'),(18,'2016','CS18','男','灵活就业','北大方正电子有限公司                              ','安徽省安庆市','安徽','国有企业','其他企事业','信息传输软件和信息技术服务业'),(19,'2016','CS19','男','灵活就业','北京中油瑞飞信息技术有限责任公司                  ','新疆巴音郭楞蒙古自治州                            ','新疆','艰苦行业企业','五百强','制造业'),(20,'2016','CS20','男','灵活就业','中油龙慧自动化工程有限公司                        ','河南省许昌市','河南','其他','其他企事业','制造业'),(21,'2016','CS21','男','灵活就业','北京中油瑞飞信息技术有限责任公司                  ','陕西省延安市安塞县','陕西','国有企业','五百强','制造业'),(22,'2016','CS22','男','升学',NULL,'吉林省长春市                                      ','吉林','高校','211院校   ','制造业'),(23,'2016','CS23','男','未就业',NULL,'山东省临沂市郯城县','山东','其他','未就业','教育业'),(24,'2016','CS24','男','签约就业','国网甘肃省电力公司平凉供电公司                    ','甘肃省平凉市                                      ','甘肃','国有企业','五百强','制造业'),(25,'2016','CS25','男','签约就业','青岛啤酒股份有限公司                              ','山东省青岛市                                      ','山东','三资企业','其他企事业','制造业'),(26,'2016','CS26','男','灵活就业','海南东华软件有限公司                    ','海南省儋州市','海南','其他','其他企事业','信息传输软件和信息技术服务业'),(27,'2016','CS27','男','升学',NULL,'江苏省无锡市','江苏','高校','211院校   ','制造业'),(28,'2016','CS28','女','升学',NULL,'北京市海淀区','北京','高校','211院校   ','制造业'),(29,'2016','CS29','女','升学',NULL,'北京市海淀区','北京','高校','211院校   ','制造业'),(30,'2016','CS30','女','签约就业','都安瑶族自治县农村信用合作联社                    ','广西都安瑶族自治县                                ','广西','其他','其他企事业','制造业'),(31,'2016','CS31','女','签约就业','山东中创软件工程股份有限公司                      ','山东省济南市历下区                                ','山东','其他','其他企事业','信息传输软件和信息技术服务业'),(32,'2016','CS32','女','升学',NULL,'山东省青岛市开发区','山东','高校','211院校   ','制造业'),(33,'2016','CS33','女','签约就业','青岛旺强代理记帐有限公司                          ','山东省青岛市市南区                                ','山东','其他','其他企事业','制造业'),(34,'2016','CS34','女','升学',NULL,'北京市昌平区','北京','高校','211院校   ','制造业'),(35,'2016','CS35','男','升学',NULL,'北京市海淀区','北京','高校','211院校   ','制造业'),(36,'2016','CS36','男','升学',NULL,'山东省青岛市开发区','山东','高校','211院校   ','制造业'),(37,'2016','CS37','男','灵活就业','海南东华软件有限公司                              ','海南省儋州市','海南','其他','其他企事业','信息传输软件和信息技术服务业'),(38,'2016','CS38','男','升学',NULL,'北京市海淀区','北京','高校','211院校   ','制造业'),(39,'2016','CS39','男','签约就业','泰安东华合创软件有限公司                          ','山东省泰安市                                      ','山东','其他','其他企事业','信息传输软件和信息技术服务业'),(40,'2016','CS40','男','签约就业','泰安东华合创软件有限公司                          ','山东省泰安市                                      ','山东','其他','其他企事业','信息传输软件和信息技术服务业'),(41,'2016','CS41','男','升学',NULL,'山东省青岛市开发区','山东','高校','211院校   ','制造业'),(42,'2016','CS42','男','签约就业','中国联合网络通信有限公司青岛市分公司              ','山东省青岛市市南区                                ','山东','国有企业','五百强','信息传输软件和信息技术服务业'),(43,'2016','CS43','男','灵活就业','民航数据通信有限责任公司                          ','天津市','天津','其他','其他企事业','信息传输软件和信息技术服务业'),(44,'2016','CS44','男','签约就业','中国移动通信集团云南有限公司互联网分公司          ','云南省昆明市                                      ','云南','国有企业','五百强','信息传输软件和信息技术服务业'),(45,'2016','CS45','男','升学',NULL,'江苏省南京市江宁区','江苏','高校','211院校   ','制造业'),(46,'2016','CS46','男','升学',NULL,'山东省青岛市开发区','山东','高校','211院校   ','制造业'),(47,'2016','CS47','男','签约就业','东软集团（大连）有限公司                          ','辽宁省大连市甘井子区                              ','辽宁','其他','其他企事业','信息传输软件和信息技术服务业'),(48,'2016','CS48','女','签约就业','山东中创软件工程股份有限公司                      ','山东省济南市历下区                                ','山东','其他','其他企事业','信息传输软件和信息技术服务业'),(49,'2016','CS49','女','灵活就业','北京亿顺特信息科技有限责任公司                    ','天津市','天津','其他','其他企事业','信息传输软件和信息技术服务业'),(50,'2016','CS50','女','签约就业','中国移动通信集团云南有限公司                      ','云南省昆明市                                      ','云南','国有企业','五百强','信息传输软件和信息技术服务业'),(51,'2016','CS51','女','签约就业','中国移动通信集团宁夏有限公司                      ','宁夏银川市金凤区                                  ','宁夏','国有企业','五百强','信息传输软件和信息技术服务业'),(52,'2016','CS52','女','签约就业','中国平安保险（集团）股份有限公司                      ','广东省深圳市                                      ','广东','其他','五百强','制造业'),(53,'2016','CS53','女','未就业',NULL,'吉林省通化市                                      ','吉林','其他','其他企事业','制造业'),(54,'2016','CS54','女','升学',NULL,'北京市海淀区','北京','高校','211院校   ','制造业'),(55,'2016','CS55','女','升学',NULL,'陕西省西安市碑林区','陕西','高校','985院校   ','制造业'),(56,'2016','CS56','男','签约就业','济南大宇宙信息创造有限公司                        ','山东省济南市长清区                                ','山东','其他','其他企事业','信息传输软件和信息技术服务业'),(57,'2016','CS57','男','签约就业','青岛保平广告有限公司                              ','山东省青岛市                                      ','山东','其他','其他企事业','制造业'),(58,'2016','CS58','男','签约就业','中国电子科技集团公司第四十一研究所                ','山东省青岛市开发区                                ','山东','科研设计单位','五百强','信息传输软件和信息技术服务业'),(59,'2016','CS59','男','签约就业','广州杰赛科技股份有限公司                          ','广东省广州市                                      ','广东','国有企业','五百强','信息传输软件和信息技术服务业'),(60,'2016','CS60','男','签约就业','青岛咏乐网络科技有限公司                          ','山东省青岛市市北区                                ','山东','其他','其他企事业','制造业'),(61,'2016','CS61','男','签约就业','山东中创软件工程股份有限公司                      ','山东省济南市历下区                                ','山东','其他','其他企事业','信息传输软件和信息技术服务业'),(62,'2016','CS62','男','升学',NULL,'山东省青岛市开发区','山东','高校','211院校   ','制造业'),(63,'2016','CS63','男','签约就业','浪潮集团有限公司                                  ','山东省济南市高新区                                ','山东','国有企业','其他企事业','信息传输软件和信息技术服务业'),(64,'2016','CS64','男','签约就业','浪潮集团有限公司                                  ','山东省济南市高新区                                ','山东','国有企业','其他企事业','信息传输软件和信息技术服务业'),(65,'2016','CS65','男','签约就业','浪潮集团有限公司                                  ','山东省济南市高新区                                ','山东','国有企业','其他企事业','信息传输软件和信息技术服务业'),(66,'2016','CS66','男','升学',NULL,'陕西省西安市雁塔区','陕西','高校','211院校   ','制造业'),(67,'2016','CS67','男','签约就业','浪潮集团有限公司                                  ','山东省济南市高新区                                ','山东','国有企业','其他企事业','信息传输软件和信息技术服务业'),(68,'2016','CS68','男','灵活就业','北京博科技术股份有限公司                          ','甘肃省天水市                                      ','甘肃','其他','其他企事业','信息传输软件和信息技术服务业'),(69,'2016','CS69','男','签约就业','青岛真情巴士集团有限公司                          ','山东省青岛市黄岛区                                ','山东','其他','其他企事业','交通运输、仓储和邮政业'),(70,'2016','CS70','男','签约就业','网宿科技股份有限公司厦门分公司                    ','福建省厦门市                                      ','福建','其他','其他企事业','信息传输软件和信息技术服务业'),(71,'2016','CS71','女','灵活就业','上海兴海联船舶工程技术有限公司                    ','河北省沧州市','河北','国有企业','五百强','制造业'),(72,'2016','CS72','女','升学',NULL,'山东省青岛市开发区','山东','高校','211院校   ','制造业'),(73,'2016','CS73','女','升学',NULL,'黑龙江省哈尔滨市南岗区                            ','黑龙江','高校','211院校   ','制造业'),(74,'2016','CS74','女','升学',NULL,'上海市杨浦区','上海','高校','985院校   ','制造业'),(75,'2016','CS75','女','签约就业','山东中创软件工程股份有限公司                      ','山东省济南市历下区                                ','山东','其他','其他企事业','信息传输软件和信息技术服务业'),(76,'2016','CS76','女','升学',NULL,'北京市海淀区','北京','高校','985院校   ','制造业'),(77,'2016','CS77','女','出国学习','韩国-亚洲大学        ','山东省青岛市市南区                                ','山东','其他','其他企事业','制造业'),(78,'2016','CS78','女','签约就业','建投数据科技（山东）有限公司                      ','山东省青岛市市南区                                ','山东','国有企业','其他企事业','建筑业'),(79,'2016','CS79','男','签约就业','青岛宏智软件有限公司                              ','山东省青岛市开发区                                ','山东','其他','其他企事业','信息传输软件和信息技术服务业'),(80,'2016','CS80','男','签约就业','杭州端点网络科技有限公司                          ','浙江省杭州市                                      ','浙江','其他','其他企事业','信息传输软件和信息技术服务业'),(81,'2016','CS81','男','升学',NULL,'山东省青岛市开发区','山东','高校','211院校   ','制造业'),(82,'2016','CS82','男','签约就业','浪潮集团有限公司                                  ','山东省济南市高新区                                ','山东','国有企业','其他企事业','信息传输软件和信息技术服务业'),(83,'2016','CS83','男','签约就业','浪潮集团有限公司                                  ','山东省济南市高新区                                ','山东','国有企业','其他企事业','信息传输软件和信息技术服务业'),(84,'2016','CS84','男','签约就业','杭州端点网络科技有限公司','浙江省杭州市                                      ','浙江','其他','其他企事业','信息传输软件和信息技术服务业'),(85,'2016','CS85','男','签约就业','中国联通遵义市分公司                              ','贵州省遵义市红花岗区                              ','贵州','国有企业','五百强','信息传输软件和信息技术服务业'),(86,'2016','CS86','男','签约就业','交通银行股份有限公司连云港分行                    ','江苏省连云港市海州区                              ','江苏','国有企业','五百强','制造业'),(87,'2016','CS87','男','签约就业','浪潮集团有限公司                                  ','山东省济南市高新区                                ','山东','国有企业','其他企事业','信息传输软件和信息技术服务业'),(88,'2016','CS88','男','升学',NULL,'上海市普陀区','上海','高校','985院校   ','制造业'),(89,'2016','CS89','男','升学',NULL,'湖北省武汉市武昌区','湖北','高校','985院校   ','制造业'),(90,'2016','CS90','男','签约就业','浪潮集团有限公司                                  ','山东省济南市高新区                                ','山东','国有企业','其他企事业','信息传输软件和信息技术服务业'),(91,'2016','CS91','男','签约就业','中国银行陕西省分行                                ','陕西省西安市                                      ','陕西','国有企业','五百强','制造业'),(92,'2016','CS92','男','升学',NULL,'山东省济南市高新区                                ','山东','高校','985院校   ','制造业'),(93,'2016','CS93','男','出国学习','加拿大，英属哥伦比亚大学                          ','天津市','天津','其他','其他企事业','制造业'),(94,'2016','CS94','男','签约就业','中国农业银行股份有限公司天津市分行                ','天津市河西区                                      ','天津','国有企业','五百强','制造业'),(95,'2016','CS95','男','签约就业','山东中创软件工程股份有限公司                      ','山东省济南市历下区                                ','山东','其他','其他企事业','信息传输软件和信息技术服务业'),(96,'2016','CS96','男','签约就业','浪潮集团有限公司                                  ','山东省济南市高新区                                ','山东','国有企业','其他企事业','信息传输软件和信息技术服务业'),(97,'2016','CS97','男','升学',NULL,'甘肃省兰州市','甘肃','高校','985院校   ','制造业'),(98,'2016','CS98','男','签约就业','山东中创软件工程股份有限公司                      ','山东省济南市历下区                                ','山东','其他','其他企事业','信息传输软件和信息技术服务业'),(99,'2017','CS1','男','升学',NULL,'北京市海淀区','北京','高校','科研院所  ','教育业'),(100,'2017','CS2','男','签约就业','创业--重庆合川区潮不落服装设计工作室              ','重庆市合川市                                      ','重庆','自主创业','其他企事业','教育业'),(101,'2017','CS3','男','签约就业','淄博普尔普勒投资管理有限公司青岛分公司            ','山东省青岛市市南区','山东','其他','其他企事业','制造业'),(102,'2017','CS4','男','签约就业',NULL,'山东省烟台市芝罘区','山东','其他','其他企事业','信息传输软件和信息技术服务业'),(103,'2017','CS5','男','签约就业','青岛嘉海乐企业管理咨询有限公司                    ','山东省青岛市市南区','山东','其他','其他企事业','制造业'),(104,'2017','CS6','男','签约就业','泰安东华合创软件有限公司                          ','山东省泰安市泰山区','山东','其他','其他企事业','信息传输软件和信息技术服务业'),(105,'2017','CS7','男','升学','中南大学（非全日制）','吉林省长春市九台市                                ','吉林','高校','985院校   ','教育业'),(106,'2017','CS8','男','签约就业','东华软件                                          ','江苏省无锡市                                      ','江苏','其他','其他企事业','信息传输软件和信息技术服务业'),(107,'2017','CS9','男','签约就业',NULL,'山东省济南市槐荫区','山东','国有企业','五百强','制造业'),(108,'2017','CS10','女','签约就业',NULL,'山东省青岛市高新区','山东','其他','其他企事业','信息传输软件和信息技术服务业'),(109,'2017','CS11','女','升学',NULL,'山东省青岛市开发区','山东','高校','211院校   ','教育业'),(110,'2017','CS12','女','签约就业',NULL,'天津市                                            ','天津','其他','其他企事业','制造业'),(111,'2017','CS13','女','签约就业',NULL,'浙江省杭州市                                      ','浙江','其他','其他企事业','信息传输软件和信息技术服务业'),(112,'2017','CS14','女','签约就业',NULL,'山东省济南市历城区','山东','国有企业','五百强','信息传输软件和信息技术服务业'),(113,'2017','CS15','女','签约就业','恒生电子股份有限公司                              ','浙江省杭州市滨江区                                ','浙江','三资企业','其他企事业','信息传输软件和信息技术服务业'),(114,'2017','CS16','男','定向就业','济南军区                                          ','山东省济南市','山东','部队','其他企事业','军队'),(115,'2017','CS17','男','升学',NULL,'河南省郑州市                                      ','河南','高校','普通院校  ','教育业'),(116,'2017','CS18','男','签约就业','青岛晨阳电子商务有限公司                          ','山东省青岛市崂山区','山东','其他','其他企事业','租赁和商业服务业'),(117,'2017','CS19','男','签约就业',NULL,'山东省青岛市市南区','山东','其他','其他企事业','信息传输软件和信息技术服务业'),(118,'2017','CS20','男','升学','电子科技大学（非全日制）,接档案','四川省巴中市平昌县                                ','四川','高校','985院校   ','教育业'),(119,'2017','CS21','男','升学','电子科技大学（非全日制）,接档案','河南省商丘市                                      ','河南','高校','985院校   ','教育业'),(120,'2017','CS22','男','签约就业','海信集团有限公司                                  ','山东省青岛市市南区','山东','国有企业','其他企事业','制造业'),(121,'2017','CS23','男','升学',NULL,'山东省青岛市开发区','山东','高校','211院校   ','教育业'),(122,'2017','CS24','男','签约就业',NULL,'山东省青岛市市北区','山东','其他','其他企事业','信息传输软件和信息技术服务业'),(123,'2017','CS25','男','签约就业','浪潮集团有限公司                                  ','山东省济南市高新区','山东','国有企业','其他企事业','信息传输软件和信息技术服务业'),(124,'2017','CS26','男','签约就业',NULL,'山东省青岛市市北区','山东','其他','其他企事业','信息传输软件和信息技术服务业'),(125,'2017','CS27','男','升学',NULL,'湖北省武汉市洪山区','湖北','高校','211院校   ','教育业'),(126,'2017','CS28','男','灵活就业','北京中油瑞飞信息技术有限责任公司                  ','陕西省铜川市耀州区                                ','陕西','国有企业','五百强','采矿业'),(127,'2017','CS29','男','签约就业','中国移动通信集团海南有限公司                      ','海南省海口市                                      ','海南','国有企业','五百强','信息传输软件和信息技术服务业'),(128,'2017','CS30','男','签约就业','恒生电子股份有限公司                              ','浙江省杭州市滨江区                                ','浙江','三资企业','其他企事业','信息传输软件和信息技术服务业'),(129,'2017','CS31','男','出国学习','美国密苏里大学                                    ','湖北省孝感市云梦县                                ','湖北','其他','其他企事业','教育业'),(130,'2017','CS32','男','签约就业','人事代理','山东省青岛市黄岛区                                ','山东','其他','其他企事业','信息传输软件和信息技术服务业'),(131,'2017','CS33','男','升学',NULL,'四川省成都市武侯区','四川','高校','985院校   ','教育业'),(132,'2017','CS34','男','升学',NULL,'上海市浦东新区','上海','高校','985院校   ','教育业'),(133,'2017','CS35','男','升学',NULL,'上海市普陀区','上海','高校','985院校   ','教育业'),(134,'2017','CS36','男','签约就业',NULL,'山东省青岛市胶州市','山东','其他','其他企事业','信息传输软件和信息技术服务业'),(135,'2017','CS37','女','签约就业','青岛特锐德电气股份有限公司                        ','山东省青岛市崂山区','山东','三资企业','其他企事业','制造业'),(136,'2017','CS38','女','升学',NULL,'北京市海淀区','北京','高校','985院校   ','教育业'),(137,'2017','CS39','女','灵活就业','那曲县巴雄县人民政府                              ','西藏自治区林周县                                  ','西藏','党政机关','公务员','信息传输软件和信息技术服务业'),(138,'2017','CS40','女','灵活就业','北京中油瑞飞信息技术有限责任公司                  ','河北省唐山市                                      ','河北','国有企业','五百强','采矿业'),(139,'2017','CS41','女','签约就业','青岛特锐德电气股份有限公司                        ','山东省青岛市崂山区','山东','三资企业','其他企事业','制造业'),(140,'2017','CS42','女','灵活就业','中软国际                                          ','海南省海口市琼山区                                ','海南','其他','其他企事业','信息传输软件和信息技术服务业'),(141,'2017','CS43','男','定向就业','济南军区                                          ','山东省济南市','山东','部队','其他企事业','军队'),(142,'2017','CS44','男','升学',NULL,'湖北省武汉市硚口区','湖北','高校','普通院校  ','教育业'),(143,'2017','CS45','男','定向就业','济南军区                                          ','山东省济南市','山东','部队','其他企事业','军队'),(144,'2017','CS46','男','升学',NULL,'广东省深圳市南山区','广东','高校','普通院校  ','教育业'),(145,'2017','CS47','男','升学',NULL,'湖北省武汉市洪山区','湖北','高校','211院校   ','教育业'),(146,'2017','CS48','男','签约就业','青岛奥海特工贸有限公司                            ','山东省青岛市四方区','山东','其他','其他企事业','租赁和商业服务业'),(147,'2017','CS49','男','签约就业',NULL,'山东省青岛市','山东','国有企业','五百强','信息传输软件和信息技术服务业'),(148,'2017','CS50','男','灵活就业','大庆市实创科技有限公司        ','黑龙江省大庆市                                    ','黑龙江','其他','其他企事业','信息传输软件和信息技术服务业'),(149,'2017','CS51','男','签约就业','青岛中石大人力资源有限公司                        ','山东省青岛市黄岛区','山东','其他','其他企事业','租赁和商业服务业'),(150,'2017','CS52','男','签约就业',NULL,'山东省青岛市黄岛区','山东','其他','其他企事业','制造业'),(151,'2017','CS53','男','定向就业','济南军区                                          ','山东省济南市','山东','部队','其他企事业','军队'),(152,'2017','CS54','男','签约就业',NULL,'山东省青岛市市南区','山东','其他','其他企事业','租赁和商业服务业'),(153,'2017','CS55','男','灵活就业','北京亿顺特信息科技有限责任公司                    ','四川省资阳市雁江区                                ','北京','其他','其他企事业','信息传输软件和信息技术服务业'),(154,'2017','CS56','男','签约就业',NULL,'山东省济南市历下区','山东','其他','其他企事业','信息传输软件和信息技术服务业'),(155,'2017','CS57','男','签约就业',NULL,'山东省济南市历下区','山东','其他','其他企事业','信息传输软件和信息技术服务业'),(156,'2017','CS58','男','签约就业','山东奥德燃气有限公司                              ','山东省临沂市河东区','山东','其他','其他企事业','电力、热力、燃气及水生产和供应业'),(157,'2017','CS59','男','签约就业','青岛商企传媒有限公司                              ','山东省青岛市市北区','山东','其他','其他企事业','租赁和商业服务业'),(158,'2017','CS60','男','签约就业',NULL,'山东省济南市历下区','山东','其他','其他企事业','信息传输软件和信息技术服务业'),(159,'2017','CS61','男','签约就业','青岛旺强代理记帐有限公司                          ','山东省青岛市市南区','山东','其他','其他企事业','租赁和商业服务业'),(160,'2017','CS62','男','签约就业',NULL,'新疆乌鲁木齐市                                    ','新疆','其他','其他企事业','信息传输软件和信息技术服务业'),(161,'2017','CS63','男','升学',NULL,'山东省青岛市开发区','山东','高校','211院校   ','教育业'),(162,'2017','CS64','男','签约就业',NULL,'山东省济南市历下区','山东','其他','其他企事业','信息传输软件和信息技术服务业'),(163,'2017','CS65','男','签约就业','积成电子股份有限公司                              ','山东省济南市高新区','山东','其他','其他企事业','信息传输软件和信息技术服务业'),(164,'2017','CS66','男','签约就业','青岛佳鸣新能源科技有限公司                        ','山东省青岛市崂山区','山东','其他','其他企事业','租赁和商业服务业'),(165,'2017','CS67','女','灵活就业','新疆乌鲁木齐经济开发区国家税务局                  ','新疆克拉玛依市克拉玛依区                          ','新疆','党政机关','公务员','信息传输软件和信息技术服务业'),(166,'2017','CS68','女','签约就业','青岛通士达信息管理咨询有限公司                    ','山东省青岛市市北区','山东','其他','其他企事业','租赁和商业服务业'),(167,'2017','CS69','女','升学',NULL,'辽宁省沈阳市和平区','辽宁','高校','985院校   ','教育业'),(168,'2017','CS70','女','出国学习','西班牙-唐德国际学院                               ','广东省中山市                                      ','广东','其他','其他企事业','教育业'),(169,'2017','CS71','男','升学',NULL,'江苏省南京市                                      ','江苏','高校','普通院校  ','教育业'),(170,'2017','CS72','男','定向就业','济南军区                                          ','山东省济南市','山东','部队','其他企事业','军队'),(171,'2017','CS73','男','定向就业','济南军区                                          ','山东省济南市','山东','部队','其他企事业','军队'),(172,'2017','CS74','男','签约就业','山东中创软件工程股份有限公司                      ','山东省济南市历下区','山东','其他','其他企事业','信息传输软件和信息技术服务业'),(173,'2017','CS75','男','签约就业',NULL,'安徽省合肥市包河区                                ','安徽','国有企业','五百强','租赁和商业服务业'),(174,'2017','CS76','男','定向就业','济南军区                                          ','山东省济南市','山东','部队','其他企事业','军队'),(175,'2017','CS77','男','升学',NULL,'甘肃省兰州市城关区','甘肃','高校','985院校   ','教育业'),(176,'2017','CS78','男','签约就业',NULL,'山东省青岛市崂山区','山东','其他','其他企事业','信息传输软件和信息技术服务业'),(177,'2017','CS79','男','升学',NULL,'山东省青岛市开发区','山东','高校','211院校   ','教育业'),(178,'2017','CS80','男','升学',NULL,'山东省青岛市开发区','山东','高校','211院校   ','教育业'),(179,'2017','CS81','男','签约就业',NULL,'山东省潍坊市高新区','山东','其他','其他企事业','制造业'),(180,'2017','CS82','男','升学',NULL,'四川省成都市武侯区','四川','高校','985院校   ','教育业'),(181,'2017','CS83','男','签约就业','人事代理','山东省青岛市市南区','山东','其他','其他企事业','租赁和商业服务业'),(182,'2017','CS84','男','签约就业','西藏计划                             ','山东省烟台市                                      ','山东','党政机关','公务员','信息传输软件和信息技术服务业'),(183,'2017','CS85','男','升学',NULL,'山东省青岛市开发区','山东','高校','211院校   ','教育业'),(184,'2017','CS86','男','升学',NULL,'山东省青岛市开发区','山东','高校','211院校   ','教育业'),(185,'2017','CS87','男','签约就业','宁波银行股份有限公司','浙江省宁波市                                      ','浙江','其他','其他企事业','租赁和商业服务业'),(186,'2017','CS88','男','升学',NULL,'山东省青岛市开发区','山东','高校','211院校   ','教育业'),(187,'2017','CS89','男','灵活就业','百度在线网络技术北京公司                          ','宁夏吴忠市                                        ','北京','三资企业','其他企事业','信息传输软件和信息技术服务业'),(188,'2017','CS90','女','签约就业',NULL,'浙江省杭州市                                      ','浙江','其他','其他企事业','信息传输软件和信息技术服务业'),(189,'2017','CS91','女','签约就业','恒生电子股份有限公司                              ','浙江省杭州市滨江区                                ','浙江','三资企业','其他企事业','信息传输软件和信息技术服务业'),(190,'2017','CS92','女','签约就业','石家庄市桥西区学而思文化培训学校                  ','河北省石家庄市                                    ','河北','其他','其他企事业','制造业'),(191,'2017','CS93','女','升学',NULL,'山东省青岛市开发区','山东','高校','211院校   ','教育业'),(192,'2017','CS94','女','签约就业','浪潮集团有限公司                                  ','山东省济南市高新区','山东','国有企业','其他企事业','信息传输软件和信息技术服务业'),(193,'2017','CS95','男','定向就业','济南军区                                          ','山东省济南市','山东','部队','其他企事业','军队'),(194,'2017','CS96','男','定向就业','济南军区                                          ','山东省济南市','山东','部队','其他企事业','军队'),(195,'2017','CS97','男','签约就业','帆软软件有限公司                                  ','江苏省无锡市                                      ','江苏','其他','其他企事业','信息传输软件和信息技术服务业'),(196,'2017','CS98','男','签约就业','中国联合网络通信有限公司济南软件研究院            ','山东省济南市历城区','山东','国有企业','五百强','信息传输软件和信息技术服务业'),(197,'2017','CS99','男','升学',NULL,'四川省成都市高新区','四川','高校','985院校   ','教育业'),(198,'2017','CS100','男','灵活就业','北京字节跳动网络技术有限公司                      ','宁夏银川市金凤区                                  ','北京','其他','其他企事业','信息传输软件和信息技术服务业'),(199,'2017','CS101','男','灵活就业','达孜帆软软件有限公司           ','山东省临沂市平邑县                                ','江苏','其他','其他企事业','信息传输软件和信息技术服务业'),(200,'2017','CS102','男','签约就业',NULL,'山东省青岛市高新区','山东','其他','其他企事业','信息传输软件和信息技术服务业'),(201,'2017','CS103','男','签约就业','山东中创软件工程股份有限公司                      ','山东省济南市历下区','山东','其他','其他企事业','信息传输软件和信息技术服务业'),(202,'2017','CS104','男','签约就业','青岛学而思文理培训学校                            ','山东省青岛市市南区','山东','其他','其他企事业','制造业'),(203,'2017','CS105','男','签约就业','杭州核新同花顺网络信息股份有限公司-已核实抬头     ','浙江省杭州市余杭区                                ','浙江','其他','其他企事业','租赁和商业服务业'),(204,'2017','CS106','男','升学','北京航空航天大学（非全日制）                      ','山西省大同市天镇县                                ','山西','高校','985院校   ','教育业'),(205,'2017','CS107','男','升学',NULL,'湖北省武汉市武昌区','湖北','高校','985院校   ','教育业'),(206,'2017','CS108','男','签约就业','浪潮集团有限公司                                  ','山东省济南市高新区','山东','国有企业','其他企事业','信息传输软件和信息技术服务业'),(207,'2017','CS109','男','签约就业',NULL,'山东省济南市高新区','山东','其他','其他企事业','信息传输软件和信息技术服务业'),(208,'2017','CS110','男','签约就业','帆软软件有限公司                                  ','江苏省无锡市                                      ','江苏','其他','其他企事业','信息传输软件和信息技术服务业'),(209,'2017','CS111','男','签约就业','浪潮集团有限公司                                  ','山东省济南市高新区','山东','国有企业','其他企事业','信息传输软件和信息技术服务业'),(210,'2017','CS112','男','签约就业','青岛新东方语言培训学校                            ','山东省青岛市市南区','山东','其他','其他企事业','制造业'),(211,'2017','CS113','男','签约就业','山东中创软件工程股份有限公司                      ','山东省济南市历下区','山东','其他','其他企事业','信息传输软件和信息技术服务业'),(212,'2017','CS114','男','升学',NULL,'山东省青岛市开发区','山东','高校','211院校   ','教育业'),(213,'2017','CS115','男','签约就业','浪潮集团有限公司                                  ','山东省济南市高新区','山东','国有企业','其他企事业','信息传输软件和信息技术服务业'),(214,'2017','CS116','男','签约就业',NULL,'新疆克拉玛依市                                    ','新疆','国有企业','五百强','采矿业'),(215,'2017','CS117','男','灵活就业','白云电气集团有限公司','广西玉林市                                        ','广西','其他','其他企事业','信息传输软件和信息技术服务业'),(216,'2017','CS118','男','升学',NULL,'上海市普陀区','上海','高校','985院校   ','教育业'),(217,'2018','CS1','女','升学','北京航空航天大学','北京市海淀区','北京','高校','985院校','教育业'),(218,'2018','CS2','男','签约就业','深圳市红柚子科技有限公司','广东省深圳市','广东','其他','其他企事业','信息传输软件和信息技术服务业'),(219,'2018','CS3','男','签约就业','中化能源科技有限公司','山东省青岛市黄岛区','山东','国有企业','五百强','信息传输软件和信息技术服务业'),(220,'2018','CS4','男','升学','华中科技大学','湖北省武汉市洪山区','湖北','高校','985院校','教育业'),(221,'2018','CS5','男','签约就业','山东胜软科技股份有限公司','山东省东营市东营区','山东','三资企业','其他企事业','信息传输软件和信息技术服务业'),(222,'2018','CS6','男','签约就业','北京三快在线科技有限公司','北京市朝阳区','北京','其他','其他企事业','信息传输软件和信息技术服务业'),(223,'2018','CS7','男','签约就业','北京辰森世纪科技股份有限公司济南分公司','山东省济南市历下区','山东','其他','其他企事业','信息传输软件和信息技术服务业'),(224,'2018','CS8','男','签约就业','青岛盈胜建筑工程有限公司','山东省青岛市市北区','山东','其他','其他企事业','建筑业'),(225,'2018','CS9','男','签约就业','北京超核电子科技有限公司','北京市朝阳区','北京','其他','其他企事业','信息传输软件和信息技术服务业'),(226,'2018','CS10','男','签约就业','浪潮集团有限公司 ','山东省济南市高新区','山东','国有企业','五百强','信息传输软件和信息技术服务业'),(227,'2018','CS11','男','签约就业','海信集团有限公司','山东省青岛市市南区','山东','国有企业','其他企事业','制造业'),(228,'2018','CS12','男','签约就业','北京超核电子科技有限公司','北京市朝阳区','北京','其他','其他企事业','信息传输软件和信息技术服务业'),(229,'2018','CS13','男','签约就业','中化能源科技有限公司','山东省青岛市黄岛区','山东','国有企业','五百强','信息传输软件和信息技术服务业'),(230,'2018','CS14','男','签约就业','浪潮集团有限公司 ','山东省济南市高新区','山东','国有企业','五百强','信息传输软件和信息技术服务业'),(231,'2018','CS15','男','签约就业','海信集团有限公司','山东省青岛市市南区','山东','国有企业','其他企事业','制造业'),(232,'2018','CS16','男','升学','中国科学院信息工程研究所','北京市海淀区','北京','高校','科研院所','教育业'),(233,'2018','CS17','男','升学','复旦大学','上海市杨浦区','上海','高校','985院校','教育业'),(234,'2018','CS18','男','升学','中国石油大学(华东)','山东省青岛市黄岛区','山东','高校','211院校','教育业'),(235,'2018','CS19','男','升学','华中科技大学','湖北省武汉市洪山区','湖北','高校','985院校','教育业'),(236,'2018','CS20','男','升学','中国石油大学(北京)','北京市昌平区','北京','高校','211院校','教育业'),(237,'2018','CS21','男','签约就业','郑州一起学教育科技有限公司','河南省郑州市二七区','河南','其他','其他企事业','制造业'),(238,'2018','CS22','男','升学','中国石油大学(华东)','山东省青岛市黄岛区','山东','高校','211院校','教育业'),(239,'2018','CS23','男','签约就业','北京超核电子科技有限公司','北京市朝阳区','北京','其他','其他企事业','信息传输软件和信息技术服务业'),(240,'2018','CS24','男','升学','西南交通大学','四川省成都市','四川','高校','211院校','教育业'),(241,'2018','CS25','男','签约就业','青岛围智谷教育科技有限公司','山东省青岛市','山东','其他','其他企事业','教育业'),(242,'2018','CS26','男','签约就业','浪潮集团有限公司 ','山东省济南市高新区','山东','国有企业','五百强','信息传输软件和信息技术服务业'),(243,'2018','CS27','男','签约就业','深圳市红柚子科技有限公司','广东省深圳市','广东','其他','其他企事业','信息传输软件和信息技术服务业'),(244,'2018','CS28','男','签约就业','北京世纪好未来教育科技有限公司','北京市海淀区','北京','其他','五百强','制造业'),(245,'2018','CS29','男','签约就业','京东方科技集团股份有限公司','北京市朝阳区','北京','其他','五百强','制造业'),(246,'2018','CS30','女','签约就业','山东易华录信息技术有限公司','山东省济南市历下区','山东','国有企业','其他企事业','信息传输软件和信息技术服务业'),(247,'2018','CS31','女','升学','国防科技大学','湖南省长沙市','湖南','高校','985院校','教育业'),(248,'2018','CS32','女','签约就业','交通银行股份有限公司广西壮族自治区分行','广西壮族自治区南宁市','广西','国有企业','其他企事业','租赁和商业服务业'),(249,'2018','CS33','女','签约就业','山东中创软件工程股份有限公司','山东省济南市历下区','山东','三资企业','其他企事业','信息传输软件和信息技术服务业'),(250,'2018','CS34','女','签约就业','烟台海颐软件股份有限公司','山东省烟台市芝罘区','山东','其他','其他企事业','信息传输软件和信息技术服务业'),(251,'2018','CS35','女','升学','东南大学','江苏省南京市玄武区','江苏','高校','985院校','教育业'),(252,'2018','CS36','女','升学','电子科技大学','四川省成都市','四川','高校','985院校','教育业'),(253,'2018','CS37','女','签约就业','成都京东方光电科技有限公司','四川省成都市','四川','其他','其他企事业','制造业'),(254,'2018','CS38','男','升学','中国科学院大学','北京市海淀区','北京','高校','普通院校','教育业'),(255,'2018','CS39','男','升学','中国石油大学(北京)','北京市昌平区','北京','高校','211院校','教育业'),(256,'2018','CS40','男','签约就业','滴图（北京）科技有限公司','北京市海淀区','北京','其他','其他企事业','信息传输软件和信息技术服务业'),(257,'2018','CS41','男','升学','北京大学','北京市海淀区','北京','高校','985院校','教育业'),(258,'2018','CS42','男','升学','中国石油大学(华东)','山东省青岛市黄岛区','山东','高校','211院校','教育业'),(259,'2018','CS43','男','升学','北京航空航天大学','北京市海淀区','北京','高校','985院校','教育业'),(260,'2018','CS44','男','签约就业','浪潮集团有限公司 ','山东省济南市高新区','山东','国有企业','五百强','信息传输软件和信息技术服务业'),(261,'2018','CS45','男','签约就业','山东胜软科技股份有限公司','山东省东营市东营区','山东','三资企业','其他企事业','信息传输软件和信息技术服务业'),(262,'2018','CS46','男','签约就业','北京超核电子科技有限公司','北京市朝阳区','北京','其他','其他企事业','信息传输软件和信息技术服务业'),(263,'2018','CS47','男','签约就业','浪潮集团有限公司 ','山东省济南市高新区','山东','国有企业','五百强','信息传输软件和信息技术服务业'),(264,'2018','CS48','男','签约就业','青岛世纪美亚航空旅游服务有限公司','山东省青岛市','山东','其他','其他企事业','租赁和商业服务业'),(265,'2018','CS49','男','签约就业','北京嘀嘀无限科技发展有限公司','北京市东城区','北京','其他','其他企事业','信息传输软件和信息技术服务业'),(266,'2018','CS50','男','签约就业','北京字节跳动科技有限公司','北京市海淀区','北京','其他','其他企事业','信息传输软件和信息技术服务业'),(267,'2018','CS51','男','签约就业','中国联合网络通信有限公司济南软件研究院','山东省济南市历城区','山东','科研设计单位','五百强','信息传输软件和信息技术服务业'),(268,'2018','CS52','男','升学','浙江大学','浙江省杭州市','浙江','高校','985院校','教育业'),(269,'2018','CS53','男','签约就业','百度在线网络技术（北京）有限公司','北京市海淀区','北京','其他','五百强','信息传输软件和信息技术服务业'),(270,'2018','CS54','男','升学','北京理工大学','北京市海淀区','北京','高校','985院校','教育业'),(271,'2018','CS55','男','升学','武汉大学','湖北省武汉市武昌区','湖北','高校','985院校','教育业'),(272,'2018','CS56','女','签约就业','招商银行股份有限公司海口分行','海南省海口市秀英区','海南','三资企业','五百强','租赁和商业服务业'),(273,'2018','CS57','女','签约就业','海信集团有限公司','山东省青岛市市南区','山东','国有企业','其他企事业','制造业'),(274,'2018','CS58','女','签约就业','中石化北海液化天然气有限责任公司','广西壮族自治区北海市','广西','国有企业','五百强','采矿业'),(275,'2018','CS59','女','签约就业','青岛新诚人力资源有限公司','山东省青岛市崂山区','山东','其他','其他企事业','租赁和商业服务业'),(276,'2018','CS60','女','签约就业','海信集团有限公司','山东省青岛市市南区','山东','国有企业','其他企事业','制造业'),(277,'2018','CS61','女','升学','四川大学','四川省成都市','四川','高校','985院校','教育业'),(278,'2018','CS62','男','签约就业','中核北方核燃料元件有限公司','内蒙古自治区包头市青山区','内蒙古','国有企业','五百强','制造业'),(279,'2018','CS63','男','签约就业','积成电子股份有限公司','山东省济南市历下区','山东','其他','其他企事业','信息传输软件和信息技术服务业'),(280,'2018','CS64','男','签约就业','上海宝信软件股份有限公司','上海市浦东新区','上海','国有企业','五百强','信息传输软件和信息技术服务业'),(281,'2018','CS65','男','签约就业','浪潮集团有限公司 ','山东省济南市高新区','山东','国有企业','五百强','信息传输软件和信息技术服务业'),(282,'2018','CS66','男','升学','青岛理工大学','山东省青岛市','山东','高校','普通院校','教育业'),(283,'2018','CS67','男','签约就业','北京超核电子科技有限公司','北京市朝阳区','北京','其他','其他企事业','信息传输软件和信息技术服务业'),(284,'2018','CS68','男','签约就业','山东中创软件工程股份有限公司','山东省济南市历下区','山东','三资企业','其他企事业','信息传输软件和信息技术服务业'),(285,'2018','CS69','男','签约就业','浪潮集团有限公司 ','山东省济南市高新区','山东','国有企业','五百强','信息传输软件和信息技术服务业'),(286,'2018','CS70','男','签约就业','浪潮集团有限公司 ','山东省济南市高新区','山东','国有企业','五百强','信息传输软件和信息技术服务业'),(287,'2018','CS71','男','升学','北京交通大学','北京市海淀区','北京','高校','211院校','教育业'),(288,'2018','CS72','男','签约就业','青岛通士达信息管理咨询有限公司','山东省青岛市','山东','其他','其他企事业','教育业'),(289,'2018','CS73','男','签约就业','青岛奥海特工贸有限公司','山东省青岛市','山东','其他','其他企事业','教育业'),(290,'2018','CS74','男','签约就业','合肥京东方光电科技有限公司','安徽省合肥市','安徽','其他','其他企事业','制造业'),(291,'2018','CS75','男','升学','贵州大学','贵州省贵阳市','贵州','高校','211院校','教育业'),(292,'2018','CS76','男','签约就业','广州播了么传媒科技有限公司','广东省广州市天河区','广东','其他','其他企事业','信息传输软件和信息技术服务业'),(293,'2018','CS77','男','升学','北京邮电大学','北京市海淀区','北京','高校','211院校','教育业'),(294,'2018','CS78','男','签约就业','红云红河集团昆明卷烟厂','云南省昆明市五华区','云南','国有企业','其他企事业','制造业'),(295,'2018','CS79','男','签约就业','浪潮集团有限公司 ','山东省济南市高新区','山东','国有企业','五百强','信息传输软件和信息技术服务业'),(296,'2018','CS80','男','升学','东北大学','辽宁省沈阳市和平区','辽宁','高校','985院校','教育业'),(297,'2018','CS81','男','升学','南京大学','江苏省南京市鼓楼区','江苏','高校','985院校','教育业'),(298,'2018','CS82','女','升学','四川大学','四川省成都市','四川','高校','985院校','教育业'),(299,'2018','CS83','女','签约就业','潍柴动力股份有限公司','山东省潍坊市高新区','山东','国有企业','五百强','制造业'),(300,'2018','CS84','女','签约就业','中国联合网络通信有限公司湖南省分公司','湖南省长沙市','湖南','国有企业','五百强','信息传输软件和信息技术服务业'),(301,'2018','CS85','女','升学','大连理工大学','辽宁省大连市甘井子区','辽宁','高校','985院校','教育业'),(302,'2018','CS86','女','升学','中国石油大学(华东)','山东省青岛市黄岛区','山东','高校','211院校','教育业'),(303,'2018','CS87','女','签约就业','浪潮集团有限公司 ','山东省济南市高新区','山东','国有企业','五百强','信息传输软件和信息技术服务业'),(304,'2018','CS88','男','签约就业','北京超核电子科技有限公司','北京市朝阳区','北京','其他','其他企事业','信息传输软件和信息技术服务业'),(305,'2018','CS89','男','签约就业','广州赛意信息科技股份有限公司','广东省广州市天河区','广东','其他','其他企事业','信息传输软件和信息技术服务业'),(306,'2018','CS90','男','升学','山东大学','山东省济南市','山东','高校','985院校','教育业'),(307,'2018','CS91','男','升学','西南交通大学','四川省成都市','四川','高校','211院校','教育业'),(308,'2018','CS92','男','签约就业','浪潮集团有限公司 ','山东省济南市高新区','山东','国有企业','五百强','信息传输软件和信息技术服务业'),(309,'2018','CS93','男','签约就业','浪潮集团有限公司 ','山东省济南市高新区','山东','国有企业','五百强','信息传输软件和信息技术服务业'),(310,'2018','CS94','男','签约就业','浪潮集团有限公司 ','山东省济南市高新区','山东','国有企业','五百强','信息传输软件和信息技术服务业'),(311,'2018','CS95','男','签约就业','北京亿顺特信息科技有限责任公司','北京市丰台区','北京','其他','其他企事业','信息传输软件和信息技术服务业'),(312,'2018','CS96','男','签约就业','北京中油瑞飞信息技术有限责任公司','北京市东城区','北京','国有企业','五百强','信息传输软件和信息技术服务业'),(313,'2018','CS97','男','签约就业','歌尔股份有限公司','山东省潍坊市高新区','山东','其他','其他企事业','制造业'),(314,'2018','CS98','男','签约就业','浪潮集团有限公司 ','山东省济南市高新区','山东','国有企业','五百强','信息传输软件和信息技术服务业'),(315,'2018','CS99','男','升学','中国石油大学(华东)','山东省青岛市黄岛区','山东','高校','211院校','教育业'),(316,'2018','CS100','男','签约就业','浪潮集团有限公司 ','山东省济南市高新区','山东','国有企业','五百强','信息传输软件和信息技术服务业'),(317,'2018','CS101','男','签约就业','北京超核电子科技有限公司','北京市朝阳区','北京','其他','其他企事业','信息传输软件和信息技术服务业'),(318,'2018','CS102','男','签约就业','郑州市金水区鑫昌盛电子产品经营部','河南省开封市','河南','其他','其他企事业','租赁和商业服务业'),(319,'2018','CS103','男','升学','贵州大学','贵州省贵阳市','贵州','高校','211院校','教育业'),(320,'2018','CS104','男','签约就业','青岛贵美服饰有限公司','山东省青岛市','山东','其他','其他企事业','制造业'),(321,'2018','CS105','男','升学','中国科学院信息工程研究所','北京市海淀区','北京','高校','科研院所','教育业'),(322,'2018','CS106','男','升学','电子科技大学','四川省成都市','四川','高校','985院校','教育业'),(323,'2018','CS107','男','签约就业','国防科技大学计算机研究所银河技术服务部','湖南省长沙市','湖南','科研设计单位','科研院所','信息传输软件和信息技术服务业'),(324,'2018','CS108','女','签约就业','广州赛意信息科技股份有限公司','广东省广州市天河区','广东','其他','其他企事业','信息传输软件和信息技术服务业'),(325,'2018','CS109','女','升学','北京航空航天大学','北京市海淀区','北京','高校','985院校','教育业'),(326,'2018','CS110','女','升学','吉林大学','吉林省长春市','吉林','高校','985院校','教育业'),(327,'2018','CS111','女','升学','中国石油大学(华东)','山东省青岛市黄岛区','山东','高校','211院校','教育业'),(328,'2018','CS112','女','升学','同济大学','上海市杨浦区','上海','高校','985院校','教育业'),(329,'2018','CS113','男','签约就业','青岛润茂贵金属咨询有限公司','山东省青岛市市北区','山东','其他','其他企事业','租赁和商业服务业'),(330,'2018','CS114','男','签约就业','青岛鼎睿天成智业咨询有限公司','山东省青岛市','山东','其他','其他企事业','教育业'),(331,'2018','CS115','男','签约就业','乌鲁木齐海关','新疆维吾尔自治区乌鲁木齐市','新疆','党政机关','公务员','信息传输软件和信息技术服务业'),(332,'2018','CS116','男','签约就业','中国航空油料西藏有限责任公司','西藏自治区拉萨市','西藏','国有企业','五百强','交通运输、仓储和邮政业'),(333,'2018','CS117','男','签约就业','深圳市红柚子科技有限公司','广东省深圳市','广东','其他','其他企事业','信息传输软件和信息技术服务业');

/*!40101 SET SQL_MODE=@OLD_SQL_MODE */;
/*!40014 SET FOREIGN_KEY_CHECKS=@OLD_FOREIGN_KEY_CHECKS */;
/*!40014 SET UNIQUE_CHECKS=@OLD_UNIQUE_CHECKS */;
/*!40111 SET SQL_NOTES=@OLD_SQL_NOTES */;
